{
"f1_default": [0.0, 1.0, 0.0, 0.0],
"f1_critical-1": [1.0, 0.0, 0.0, 0.0],
"f1_critical-2": [1.0, 0.0, 0.0, 0.0],
"f1_batch": [0.0, 1.0, 0.0, 0.0],
"f2_default": [0.9774650977465098, 0.022534902253490224, 0.0, 0.0],
"f2_critical-1": [1.0, 0.0, 0.0, 0.0],
"f2_critical-2": [0.9876069012393098, 0.0, 0.012393098760690124, 0.0],
"f2_batch": [0.0, 1.0, 0.0, 0.0],
"f3_default": [1.0, 0.0, 0.0, 0.0],
"f3_critical-1": [1.0, 0.0, 0.0, 0.0],
"f3_critical-2": [1.0, 0.0, 0.0, 0.0],
"f3_batch": [0.0, 1.0, 0.0, 0.0],
"f4_default": [0.0, 1.0, 0.0, 0.0],
"f4_critical-1": [1.0, 0.0, 0.0, 0.0],
"f4_critical-2": [1.0, 0.0, 0.0, 0.0],
"f4_batch": [0.0, 1.0, 0.0, 0.0],
"f5_default": [1.0, 0.0, 0.0, 0.0],
"f5_critical-1": [1.0, 0.0, 0.0, 0.0],
"f5_critical-2": [1.0, 0.0, 0.0, 0.0],
"f5_batch": [0.0, 1.0, 0.0, 0.0]
}